Variable Name;Label;Values;Remarks
pid;Patient idenfier;text;
treatment;treatment allocation;"1 = Control
2 = Nurse practioner intervention";
male;sex indicator;"0 = female
1= male";
age;age at baseline ;years;
dx;Diagnosis according to ERA-EDTA categories;"Congenital = ""Congential kidney disease""
DN = ""Diabetic nephropathy""
GN = ""Glomerulonephritis""
IN = ""Interstitial nephritis""
Unknown = ""Kidney disease of unknown etiology""
Vasc = ""Renovascular disease""";
uacr;Urine albumin creatinine ratio;mg / g creatinine;
egfr;estimated GFR according to CKD-EPIcr equation;ml/min per 1.73m2;
time;time of measurement;months;0 for baseline, >0 for follow-up measurements
time_event_ckd5;time that CKD stage 5 was reached;months;
event_ckd5;Event indicator for reaching CKD stage 5;"0 = censored
1 = CKD stage 5 reached";
