<?xml version="1.0" encoding="UTF-8"?>
<ddm:DDM xsi:schemaLocation="http://easy.dans.knaw.nl/schemas/md/ddm/ http://easy.dans.knaw.nl/schemas/md/2012/11/ddm.xsd" xmlns:dcx="http://easy.dans.knaw.nl/schemas/dcx/" xmlns:dct="http://purl.org/dc/terms/" xmlns:ddm="http://easy.dans.knaw.nl/schemas/md/ddm/" xmlns:dcx-dai="http://easy.dans.knaw.nl/schemas/dcx/dai/" xmlns:dc="http://purl.org/dc/elements/1.1/" xmlns:xsi="http://www.w3.org/2001/XMLSchema-instance">
   <ddm:profile>
      <dct:title>Predicting Kidney Failure from Longitudinal Kidney Function Trajectory: A Comparison of Models</dct:title>
      <dct:alternative/>
      <dc:description>Minimal datasets used to train and validate models described in Predicting Kidney Failure from Longitudinal Kidney Function Trajectory: A Comparison of Models. 

Goal: Early prediction of chronic kidney disease (CKD) progression to end-stage kidney disease (ESKD).
Study design: Prospective cohort
Setting &amp; participants: We re-used data from two CKD cohorts including patients with baseline estimated glomerular filtration rate (eGFR) >30ml/min per 1.73m2. MASTERPLAN (N=505; 55 ESKD events) was used as development dataset, and NephroTest (N=1385; 72 events) for validation.
Predictors: All models included age, sex, eGFR, and albuminuria. 
Analytical Approach: We trained the models on the MASTERPLAN data and determined discrimination and calibration for each model at 2 years follow-up for a prediction horizon of 2 years in the NephroTest cohort. We benchmarked the predictive performance against the Kidney Failure Risk Equation (KFRE).
Results:  The C-statistics for the KFRE was 0.94 (95%CI 0.86 to 1.01). Performance was similar for the Cox model with time-varying eGFR (0.92 [0.84 to 0.97]), eGFR (0.95 [0.90 to 1.00]), and the joint model 0.91 [0.87 to 0.96]). The Cox model with eGFR slope showed the best calibration.  

For the analysis scripts please refer to the supplementary file in the publiciation.</dc:description>
      <dcx-dai:creatorDetails>
         <dcx-dai:author>
            <dcx-dai:titles>dr.</dcx-dai:titles>
            <dcx-dai:initials>A.J.G.</dcx-dai:initials>
            <dcx-dai:insertions>van den</dcx-dai:insertions>
            <dcx-dai:surname>Brand</dcx-dai:surname>
            <dcx-dai:organization>
               <dcx-dai:name xml:lang="nl">Radboud University</dcx-dai:name>
            </dcx-dai:organization>
         </dcx-dai:author>
      </dcx-dai:creatorDetails>
      <ddm:created>2019</ddm:created>
      <ddm:available>2019-04-26</ddm:available>
      <ddm:audience>D20000</ddm:audience>
      <ddm:audience>D23000</ddm:audience>
      <ddm:audience>D24000</ddm:audience>
      <ddm:audience>D61000</ddm:audience>
      <ddm:accessRights>OPEN_ACCESS_FOR_REGISTERED_USERS</ddm:accessRights>
   </ddm:profile>
   <ddm:dcmiMetadata>
      <dct:identifier>613990</dct:identifier>
      <dct:rightsHolder>Radboud University</dct:rightsHolder>
      <dct:mediator>Brand van den A.J.G., Jan.vandenBrand@radboudumc.nl</dct:mediator>
      <dct:subject>Joint models</dct:subject>
      <dct:subject>Survival analysis</dct:subject>
      <dct:subject>longitudinal data analysis</dct:subject>
      <dct:subject>repeated measures</dct:subject>
      <dct:subject>mixed models</dct:subject>
      <dct:subject>chronic kidney disease</dct:subject>
      <dct:temporal>Collection period: start=2004-04-01; end=2013-01-01;</dct:temporal>
      <dct:spatial>Netherlands; France</dct:spatial>
      <dct:format>xlsx</dct:format>
      <dct:format>txt</dct:format>
      <dct:format>pdf</dct:format>
      <dct:format>csv</dct:format>
   </ddm:dcmiMetadata>
</ddm:DDM>
